product,counted quantity
[CorPan900-450-2-T] Corten Panel 900 x 450 x 2mm Top,6
[CorCnrJoiS-50-90Ext897] 90deg 50mm square corner joiner ext-900,70
[CorPan450-300-2-T] Corten Panel 450 x 300 x 2mm Top,22
[Cor90deg300-300-200-3] Corten 90deg Cnr 300 x 300 x 200 x 3mm,50
[CorEigExtCur2400-297-3] Eig Ext Cur 2400mm rad 297mm A=1884,12
"[CorM8-50] M8 SS316 nut, bolt, washer (qty 50)",109
[CorEdg750-200-3] Corten Edge 750 x 200 x 3mm,20
[CorPan1500-300-2-T] Corten Panel 1500 x 300 x 2mm Top,31
[CorCnrJoiS-50-90Ext1047] 90deg 50mm square corner joiner ext-1050,27
[CorEdgFT35-200-150-2] Corten Edge FT35 200 x 150 x 2mm,20
[CorRin450-100-3] Corten Ring 450mm radius 100mm tall 3mm,4
[CorRisFF-1500-150-3] Corten Riser FF 1500 x 150 x 3mm,15
[CorRolEdg525-300-60-3] Rolled edge 525 x 300 x 60 x 3mm,10
[CorCnrJoiS-50-90Int597] 90deg 50mm square corner joiner int-600,23
[CorQtr300-300-3] Quarter R300 x 300 x 3mm Arc=472,10
[CorEdgFT35-1800-200-2] Corten Edge FT35 1800 x 200 x 2mm,80
[CorPan300-450-2-T] Corten Panel 300 x 450 x 2mm Top,22
[CorRisFT35-2100-150-3] Riser Top-35 x 2100 x 150 x 3mm,10
[Cor90deg450-150-150-3] Corten 90deg Cnr 450 x 150 x 150 x 3mm,20
[Cor90deg600-450-100-3] Corten 90deg Cnr 600 x 450 x 100 x 3mm,20
[CorQtr600-200-3] Quarter R600 x 200 x 3mm Arc=942,20
[CorQtrExtCur600-447-2] Qtr Ext Cur 600mm rad 447mm A=942mm,12
[CorCnrJoiIntRol100-90-300] Rolled edge 90deg int joiner-300,21
[Cor90deg450-300-300-3] Corten 90deg Cnr 450 x 300 x 300 x 3mm,20
[CorEdg600-150-3] Corten Edge 600 x 150 x 3mm,20
[CorPan900-750-3-T] Corten Panel 900 x 750 x 3mm Top,22
[CorEdg1800-200-3] Corten Edge 1800 x 200 x 3mm,80
[CorEdg600-300-3] Corten Edge 600 x 300 x 3mm,19
[CorRin300-700-3] Corten Ring 300mm radius 700mm tall 3mm,2
[CorCnrJoiS-50-45Ext297] 45deg 50mm square corner joiner ext-300,50
[CorEdg300-200-3] Corten Edge 300 x 200 x 3mm,21
[CorQtr900-150-3] Quarter R900 x 150 x 3mm Arc=1414,18
[CorCnrJoiS-50-45Ext447] 45deg 50mm square corner joiner ext-450,30
[CorPan1350-450-3-T] Corten Panel 1350 x 450 x 3mm Top,7
[Cor45deg600-600-100-3] Corten 45deg Cnr 600 x 600 x 100 x 3mm,10
[CorRin250-600-3] Corten Ring 250mm radius 600mm tall 3mm,2
[Cor90deg600-600-200-3] Corten 90deg Cnr 600 x 600 x 200 x 3mm,20
[CorAngFT1797] Corten Angle post FT 1797 x 53mm,200
[CorEigExtCur1500-522-3] Eighth Ext Cur 1500mm rad 522mm A=1178,16
[CorAngFT897] Corten Angle post FT 897 x 53mm,122
[CorEdgFT35-900-200-2] Corten Edge FT35 900 x 200 x 2mm,50
[CorEdg2100-150-3] Corten Edge 2100 x 150 x 3mm,118
[CorEdg1050-300-3] Corten Edge 1050 x 300 x 3mm,19
[CorPan900-300-2-T] Corten Panel 900 x 300 x 2mm Top,22
[CorEdgFT35-1500-200-2] Corten Edge FT35 1500 x 200 x 2mm,79
[CorAngFT747] Corten Angle post FT 747 x 53mm,60
[CorRisFF-1500-200-3] Corten Riser FF 1500 x 200 x 3mm,9
[CorCnrJoiS-50-45Int897] 45deg 50mm square corner joiner int-900,30
[CorEig1200-300-3] Corten eighth R1200 x 300 x 3mm A =942,20
[CorEig1200-100-3] Corten eighth R1200 x 100 x 3mm A=942,16
[CorEdgFT35-1500-100-2] Corten Edge FT35 1500 x 100 x 2mm,51
[CorPan1350-900-3-T] Corten Panel 1350 x 900 x 3mm Top,22
[CorTwe2400-200-3] Corten twelfth R2400 x 200 x 3mm A=1257,16
[CorEdg750-150-3] Corten Edge 750 x 150 x 3mm,20
[CorRin300-600-3] Corten Ring 300mm radius 600mm tall 3mm,3
[CorEigIntCur900-297-2] Eighth Int Cur 900mm rad 297mm Arc =707,12
[CorQtr300-100-3] Quarter R300 x 100 x 3mm Arc=472,10
[CorEdg1800-300-3] Corten Edge 1800 x 300 x 3mm,68
[CorEdg1500-150-3] Corten Edge 1500 x 150 x 3mm,127
[CorEdg1050-100-3] Corten Edge 1050 x 100 x 3mm,20
[CorPan375-750-2-T] Corten Panel 375 x 750 x 2mm Top,22
[CorPan750-900-3-T] Corten Panel 750 x 900 x 3mm Top,22
[CorCnrJoiExtRol100-45-300] Rolled edge 45deg ext joiner-300,31
[CorQtr300-200-3] Quarter R300 x 200 x 3mm Arc=472,20
[CorPan525-750-2-T] Corten Panel 525 x 750 x 2mm Top,22
[CorRisFT35-900-150-3] Riser Top-35 x 900 x 150 x 3mm,12
[CorEig1500-100-3] Corten eighth R1500 x 100 x 3mm A=1178,16
[CorEdgFT35-1500-150-2] Corten Edge FT35 1500 x 150 x 2mm,80
[CorRisFT35-1200-175-3] Riser Top-35 x 1200 x 175 x 3mm,3
"[CorM8-200] M8 SS316 nut, bolt, washer (qty 200)",35
[CorPan600-600-2-T] Corten Panel 600 x 600 x 2mm Top,20
[CorPan1500-750-3-T] Corten Panel 1500 x 750 x 3mm Top,15
[CorRin300-400-3] Corten Ring 300mm radius 400mm tall 3mm,3
[CorRin200-500-3] Corten Ring 200mm radius 500mm tall 3mm 3mm,3
[CorPan1050-300-2-T] Corten Panel 1050 x 300 x 2mm Top,19
[CorSqu600-450-150-3] Corten Step 600 F x 450 S x 150 H x 3mm,10
[Cor90deg1050-300-150-3] Corten 90deg Cnr 1050 x 300 x 150 x 3mm,18
[Cor90deg300-150-300-3] Corten 90deg Cnr 300 x 150 x 300 x 3mm,20
[CorEdg1500-300-3] Corten Edge 1500 x 300 x 3mm,42
[CorQtr450-200-3] Quarter R450 x 200 x 3mm Arc=707,20
[CorRin450-200-3] Corten Ring 450mm radius 200mm tall 3mm,8
[CorPan150-900-2-T] Corten Panel 150 x 900 x 2mm Top,22
[CorEdg1050-200-3] Corten Edge 1050 x 200 x 3mm,18
[CorPeg400-75-3] Corten Peg 400 x 75 x 3mm,499
[CorRin200-300-3] Corten Ring 200mm radius 300mm tall 3mm,4
[CorRin450-150-3] Corten Ring 450mm radius 150mm tall 3mm,6
[CorCnrJoiS-150-90Ext297] 90deg 150mm square corner joiner ext-300,28
[CorEdg750-100-3] Corten Edge 750 x 100 x 3mm,20
[CorAngFT1197] Corten Angle post FT 1197 x 53mm,123
[Cor45deg450-450-100-3] Corten 45deg Cnr 450 x 450 x 100 x 3mm,10
[CorQtrExtCur750-522-3] Qtr Ext Cur 750mm rad 522mm A=1178mm,12
[CorQtr450-150-3] Quarter R450 x 150 x 3mm Arc=707,19
[CorPan450-450-2-T] Corten Panel 450 x 450 x 2mm Top,21
[CorEdgFT35-900-100-2] Corten Edge FT35 900 x 100 x 2mm,50
[CorRolEdg1050-300-60-3] Rolled edge 1050 x 300 x 60 x 3mm,10
[CorEdgFT35-750-100-2] Corten Edge FT35 750 x 100 x 2mm,29
[Cor90deg600-300-100-3] Corten 90deg Cnr 600 x 300 x 100 x 3mm,20
[Cor45deg600-600-150-3] Corten 45deg Cnr 600 x 600 x 150 x 3mm,10
[CorRin600-200-3] Corten Ring 600mm radius 200mm tall 3mm,4
[CorRin200-400-3] Corten Ring 200mm radius 400mm tall 3mm,4
[CorSqu600-300-100-3] Corten Step 600 F x 300 S x 100 H x 3mm,10
[CorRin200-600-3] Corten Ring 200mm radius 600mm tall 3mm,4
[CorRin250-400-3] Corten Ring 250mm radius 400mm tall 3mm,3
[CorPan1050-900-3-T] Corten Panel 1050 x 900 x 3mm Top,22
[CorEdgFT35-1050-100-2] Corten Edge FT35 1050 x 100 x 2mm,18
[CorRin300-300-3] Corten Ring 300mm radius 300mm tall 3mm,4
[Cor90deg300-300-300-3] Corten 90deg Cnr 300 x 300 x 300 x 3mm,20
[CorEdg1200-300-3] Corten Edge 1200 x 300 x 3mm,24
[CorEdg300-100-3] Corten Edge 300 x 100 x 3mm,22
[Cor90deg600-600-100-3] Corten 90deg Cnr 600 x 600 x 100 x 3mm,20
[CorPan1350-750-3-T] Corten Panel 1350 x 750 x 3mm Top,22
[CorRisFT35-900-200-3] Riser Top-35 x 900 x 200 x 3mm,12
[CorEig1800-150-3] Corten eighth R1800 x 150 x 3mm A=1414,20
[CorRolEdg2100-300-60-3] Rolled edge 2100 x 300 x 60 x 3mm,20
[CorPla1200-300-300T] Corten Planter 1200L x 300W X 300Tall,4
[CorHal300-100-3] Half R300mm x 100 tall x 3mm A = 942,20
[CorPan750-450-2-T] Corten Panel 750 x 450 x 2mm Top,12
[CorAngFT2097] Corten Angle post FT 2097 x 96mm,54
[CorEdg600-100-3] Corten Edge 600 x 100 x 3mm,20
[CorSqu1200-300-200-3] Corten Step 1200 F x 300 S x 200 H x 3mm,10
[CorCnrJoiS-100-90Ext297] 90deg 100mm square corner joiner ext-300,20
[CorSqu900-450-200-3] Corten Step 900 F x 450 S x 200 H x 3mm,10
[CorQtrExtCur1200-447-3] Qtr Ext Cur 1200mm rad 447mm A=1884mm,10
[CorEdgFT35-2100-200-2] Corten Edge FT35 2100 x 200 x 2mm,80
[CorEdg1800-100-3] Corten Edge 1800 x 100 x 3mm,70
[Cor45deg450-450-300-3] Corten 45deg Cnr 450 x 450 x 300 x 3mm,10
[CorPan1050-450-2-T] Corten Panel 1050 x 450 x 2mm Top,20
[CorRisFF-900-150-3] Corten Riser FF 900 x 150 x 3mm,12
[Cor90deg1050-300-200-3] Corten 90deg Cnr 1050 x 300 x 200 x 3mm,20
[Cor45deg600-600-300-3] Corten 45deg Cnr 600 x 600 x 300 x 3mm,10
[CorPan450-900-2-T] Corten Panel 450 x 900 x 2mm Top,22
[CorPan1500-900-3-T] Corten Panel 1500 x 900 x 3mm Top,22
[CorEdgFT35-300-150-2] Corten Edge FT35 300 x 150 x 2mm,20
[CorQtrIntCur450-447-2] Qtr Int Cur 450mm rad 447mm A=707,14
[CorQtr600-150-3] Quarter R600 x 150 x 3mm Arc=942,20
[CorPeg300-75-3] Corten Peg 300 x 75 x 3mm,531
[CorEigExtCur1500-447-2] Eighth Ext Cur 1500mm rad 447mm A=1178,12
[Cor90deg900-300-150-3] Corten 90deg Cnr 900 x 300 x 150 x 3mm,20
[CorEdg900-200-3] Corten Edge 900 x 200 x 3mm,21
[CorEdgFT35-525-200-2] Corten Edge FT35 525 x 200 x 2mm,30
[CorEig1200-150-3] Corten eighth R1200 x 150 x 3mm A=942,12
[CorCnrJoiExtRol100-90-300] Rolled edge 90deg ext joiner-300,32
[CorRin375-600-3] Corten Ring 375mm radius 600mm tall 3mm,4
[CorQtrExtCur600-597-2] Qtr Ext Cur 600mm rad 597mm A=942mm,12
[CorPan1500-600-3-T] Corten Panel 1500 x 600 x 3mm Top,37
[Cor90deg600-450-200-3] Corten 90deg Cnr 600 x 450 x 200 x 3mm,20
[CorPan1200-750-3-T] Corten Panel 1200 x 750 x 3mm Top,22
[CorRin250-200-3] Corten Ring 250mm radius 200mm tall 3mm,1
[CorEdg600-200-3] Corten Edge 600 x 200 x 3mm,20
[CorRolEdg1200-300-60-3] Rolled edge 1200 x 300 x 60 x 3mm,10
[CorPan1200-450-2-T] Corten Panel 1200 x 450 x 2mm Top,16
[CorCnrJoiS-50-90Int897] 90deg 50mm square corner joiner int-900,30
[CorPla1300-350-600T] Corten Planter 1300L x 350W X 600Tall,3
[CorQtr750-150-3] Quarter R750 x 150 x 3mm Arc=1178,20
[CorHal600-200-3] Half R600mm x 200 tall x 3mm A = 1885,20
[CorCnrJoiR-50-90Ext297] 90deg 50mm round corner joiner ext-300,50
[CorHal600-150-3] Half R600mm x 150 tall x 3mm A = 1885,20
[CorAngFT1497] Corten Angle post FT 1497 x 53mm,142
[CorQtr900-200-3] Quarter R900 x 200 x 3mm Arc=1414,20
[CorEig1800-200-3] Corten eighth R1800 x 200 x 3mm A=1414,20
[CorEdg900-300-3] Corten Edge 900 x 300 x 3mm,20
[CorRin300-500-3] Corten Ring 300mm radius 500mm tall 3mm,3
[CorRin250-500-3] Corten Ring 250mm radius 500mm tall 3mm,3
[CorCnrJoiS-50-45Int597] 45deg 50mm square corner joiner int-600,30
[CorCnrJoiIntRol100-45-300] Rolled edge 45deg int joiner-300,12
[CorQtrExtCur1200-747-3] Qtr Ext Cur 1200mm rad 747mm A=1884mm,12
[CorQtr750-200-3] Quarter R750 x 200 x 3mm Arc=1178,20
[CorQtr600-300-3] Quarter R600 x 300 x 3mm Arc=942,20
[CorPan150-300-2-T] Corten Panel 150 x 300 x 2mm Top,22
[Cor90deg450-150-300-3] Corten 90deg Cnr 450 x 150 x 300 x 3mm,20
[CorEdgFT35-525-100-2] Corten Edge FT35 525 x 100 x 2mm,30
[CorPan375-900-2-T] Corten Panel 375 x 900 x 2mm Top,22
[CorEigExtCur2400-447-3] Eig Ext Cur 2400mm rad 447mm A=1884mm,12
[CorSqu900-300-200-3] Corten Step 900 F x 300 S x 200 H x 3mm,10
[CorQtrIntCur600-297-2] Qtr Int Cur 600mm rad 297mm A=942,12
[CorRisFT35-1500-200-3] Riser Top-35 x 1500 x 200 x 3mm,12
"[CorM8-25] M8 SS316 nut, bolt, washer (qty 25)",46
[CorPan375-450-2-T] Corten Panel 375 x 450 x 2mm Top,22
[CorRin250-300-3] Corten Ring 250mm radius 300mm tall 3mm,4
[CorEdgFT35-600-200-2] Corten Edge FT35 600 x 200 x 2mm,40
[Cor45deg600-600-200-3] Corten 45deg Cnr 600 x 600 x 200 x 3mm,10
[CorRin200-700-3] Corten Ring 200mm radius 700mm tall 3mm,2
[CorEigExtCur1500-597-3] Eighth Ext Cur 1500mm rad 597mm A=1178,12
[CorPla750-350-600T] Corten Planter 750L x 350W X 600Tall,6
[Cor45deg600-300-300-3] Corten 45deg Cnr 600 x 300 x 300 x 3mm,10
[CorEdg1500-200-3] Corten Edge 1500 x 200 x 3mm,95
[CorEdg900-100-3] Corten Edge 900 x 100 x 3mm,20
[CorPan2100-750-3] Corten Panel 2100 x 750 x 3mm Std,22
[CorRolEdg600-300-60-3] Rolled edge 600 x 300 x 60 x 3mm,10
[CorPla400-400-600T] Corten Planter 400L x 400W X 600Tall,3
[CorQtrExtCur600-297-2] Qtr Ext Cur 600mm rad 297mm A=942mm,12
[CorPan300-600-2-T] Corten Panel 300 x 600 x 2mm Top,20
[CorPan150-750-2-T] Corten Panel 150 x 750 x 2mm Top,22
[CorHal300-150-3] Half R300mm x 150 tall x 3mm A = 942,20
[CorQtrExtCur750-447-2] Qtr Ext Cur 750mm rad 447mm A=1178mm,12
[CorPan1200-1050-3-T] Corten Panel 1200 x 1050 x 3mm Top,13
[CorQtrExtCur900-297-2] Qtr Ext Cur 900mm rad 297mm A=1414mm,12
[CorRin375-400-3] Corten Ring 375mm radius 400mm tall 3mm,4
[CorPan1200-900-3-T] Corten Panel 1200 x 900 x 3mm Top,22
[CorEig1500-300-3] Corten eighth R1500 x 300 x 3mm A=1178,20
[CorHal450-300-3] Half R450mm x 300 tall x 3mm A = 1414,18
[CorEdgFT35-1800-150-2] Corten Edge FT35 1800 x 150 x 2mm,80
[CorPan300-900-2-T] Corten Panel 300 x 900 x 2mm Top,22
[CorCnrJoiS-50-45Ext897] 45deg 50mm square corner joiner ext-900,30
[CorQtrExtCur900-747-3] Qtr Ext Cur 900mm rad 747mm A=1414mm,12
[CorCnrJoiS-50-45Int297] 45deg 50mm square corner joiner int-300,50
[CorEdgFT35-450-150-2] Corten Edge FT35 450 x 150 x 2mm,28
[CorRisFF-900-200-3] Corten Riser FF 900 x 200 x 3mm,15
[CorPan750-750-2-T] Corten Panel 750 x 750 x 2mm Top,22
[CorEigExtCur1800-297-2] Eighth Ext Cur 1800mm rad 297mm A=1414 2mm,12
[CorPan900-1050-3-T] Corten Panel 900 x 1050 x 3mm Top,22
[Cor90deg300-300-150-3] Corten 90deg Cnr 300 x 300 x 150 x 3mm,60
[CorPan200-450-2-T] Corten Panel 200 x 450 x 2mm Top,21
[CorCnrJoiS-150-90Ext897] 90deg 150mm square corner joiner ext-900,31
[CorRin600-400-3] Corten Ring 600mm radius 400mm tall 3mm,4
[CorCnrJoiS-50-90Int297] 90deg 50mm square corner joiner int-300,96
[CorAngFT2397] Corten Angle post FT 2397 x 96mm,30
[Cor45deg300-150-150-3] Corten 45deg Cnr 300 x 150 x 150 x 3mm,10
[Cor90deg750-300-200-3] Corten 90deg Cnr 750 x 300 x 200 x 3mm,20
[CorPan600-1050-3-T] Corten Panel 600 x 1050 x 3mm Top,22
[CorPan200-600-2-T] Corten Panel 200 x 600 x 2mm Top,22
[CorPan1800-450-3-T] Corten Panel 1800 x 450 x 3mm Top,10
[CorCnrJoiS-50-45Ext597] 45deg 50mm square corner joiner ext-600,30
[CorRin600-500-3] Corten Ring 600mm radius 500mm tall 3mm,4
[CorEigExtCur1800-372-2] Eighth Ext Cur 1800mm rad 372mm A=1414,12
[CorPla900-300-300T] Corten Planter 900L x 300W X 300Tall,4
[Cor45deg300-300-150-3] Corten 45deg Cnr 300 x 300 x 150 x 3mm,10
[CorQtr900-100-3] Quarter R900 x 100 x 3mm Arc=1414,20
[CorPan300-750-2-T] Corten Panel 300 x 750 x 2mm Top,22
[CorEdgFT35-375-100-2] Corten Edge FT35 375 x 100 x 2mm,20
[CorEigExtCur1500-372-2] Eighth Ext Cur 1500mm rad 372mm A=1178,12
[CorEig1200-200-3] Corten eighth R1200 x 200 x 3mm A=942,20
[CorEigExtCur1500-297-2] Eighth Ext Cur 1500mm rad 297mm A=1178,12
[CorEdgFT35-750-150-2] Corten Edge FT35 750 x 150 x 2mm,30
[CorPan375-600-2-T] Corten Panel 375 x 600 x 2mm Top,22
[CorPla1500-400-400T] Corten Planter 1500L x 400W X 400Tall,4
[Cor90deg750-300-300-3] Corten 90deg Cnr 750 x 300 x 300 x 3mm,20
[CorQtrExtCur750-747-3] Qtr Ext Cur 750mm rad 747mm A=1178mm,12
[CorEdg2100-100-3] Corten Edge 2100 x 100 x 3mm,273
[CorEigExtCur1800-597-3] Eighth Ext Cur 1800mm rad 597mm A=1414,12
[CorEigExtCur2100-447-3] Eig Ext Cur 2100mm rad 447mm A=1649mm,12
[CorAngFT597] Corten Angle post FT 597 x 53mm,166
[CorRisFT35-1800-175-3] Riser Top-35 x 1800 x 175 x 3mm,12
[CorPan1200-300-2-T] Corten Panel 1200 x 300 x 2mm Top,37
[CorPan2100-600-3-T] Corten Panel 2100 x 600 x 3mm Top,22
[CorEdg300-300-3] Corten Edge 300 x 300 x 3mm,21
[CorPan150-600-2-T] Corten Panel 150 x 600 x 2mm Top,22
[Cor90deg600-300-200-3] Corten 90deg Cnr 600 x 300 x 200 x 3mm,20
[CorEigExtCur1800-447-3] Eighth Ext Cur 1500mm rad 447mm A=1414,12
[CorEig1500-200-3] Corten eighth R1500 x 200 x 3mm A=1178,18
[CorCnrJoiR-50-90Int297] 90deg 50mm round corner joiner int-300,30
[CorEdg450-150-3] Corten Edge 450 x 150 x 3mm,20
[Cor45deg300-150-100-3] Corten 45deg Cnr 300 x 150 x 100 x 3mm,10
[CorPan200-750-2-T] Corten Panel 200 x 750 x 2mm Top,22
[CorPan1800-600-3-T] Corten Panel 1800 x 600 x 3mm Top,21
[CorPeg600-75-3] Corten Peg 600 x 75 x 3mm,200
[CorCnrJoiS-50-45Ext747] 45deg 50mm square corner joiner ext-750,30
[Cor90deg300-300-100-3] Corten 90deg Cnr 300 x 300 x 100 x 3mm,60
[Cor45deg600-300-100-3] Corten 45deg Cnr 600 x 300 x 100 x 3mm,10
[CorRolEdg1800-300-60-3] Rolled edge 1800 x 300 x 60 x 3mm,20
[CorEdgFT35-1200-150-2] Corten Edge FT35 1200 x 150 x 2mm,60
[Cor90deg600-450-300-3] Corten 90deg Cnr 600 x 450 x 300 x 3mm,20
[CorAngFT1047] Corten Angle post FT 1047 x 53mm,100
[CorPan900-600-2-T] Corten Panel 900 x 600 x 2mm Top,22
[CorEdgFT35-200-100-2] Corten Edge FT35 200 x 100 x 2mm,20
[CorQtrExtCur1200-297-3] Qtr Ext Cur 1200mm rad 297mm A=1884mm,12
[CorPan750-1050-3-T] Corten Panel 750 x 1050 x 3mm Top,16
[CorPan750-600-2-T] Corten Panel 750 x 600 x 2mm Top,22
[CorPan2100-300-3-T] Corten Panel 2100 x 300 x 3mm Top,63
[Cor90deg450-300-200-3] Corten 90deg Cnr 450 x 300 x 200 x 3mm,20
[CorRisFF-1200-150-3] Corten Riser FF 1200 x 150 x 3mm,15
[CorRin250-150-3] Corten Ring 250mm radius 150mm tall 3mm,3
[Cor45deg300-150-300-3] Corten 45deg Cnr 300 x 150 x 300 x 3mm,10
[CorRin375-300-3] Corten Ring 375mm radius 300mm tall 3mm,4
[CorRin300-150-3] Corten Ring 300mm radius 150mm tall 3mm,4
[CorRisFT35-900-175-3] Riser Top-35 x 900 x 175 x 3mm,12
[CorRisFF-1800-150-3] Corten Riser FF 1800 x 150 x 3mm,15
[CorQtrExtCur600-747-3] Qtr Ext Cur 600mm rad 747mm A=942mm,12
[CorRolEdg900-300-60-3] Rolled edge 900 x 300 x 60 x 3mm,10
[CorRin600-150-3] Corten Ring 600mm radius 150mm tall 3mm,3
[CorEigExtCur2100-297-2] Eig Ext Cur 2100mm rad 297mm A=1649mm,4
[CorRin450-400-3] Corten Ring 450mm radius 400mm tall 3mm,8
[CorPan2100-750-3-T] Corten Panel 2100 x 750 x 3mm Top,22
[CorEdg1200-100-3] Corten Edge 1200 x 100 x 3mm,30
[Cor90deg750-300-150-3] Corten 90deg Cnr 750 x 300 x 150 x 3mm,20
[CorHal600-100-3] Half R600mm x 100 tall x 3mm A = 1885,20
[CorRolEdg450-300-60-3] Rolled edge 450 x 300 x 60 x 3mm,10
[CorPan375-300-2-T] Corten Panel 375 x 300 x 2mm Top,22
[CorHal450-200-3] Half R450mm x 200 tall x 3mm A = 1414,20
[CorCnrJoiS-50-90Ext447] 90deg 50mm square corner joiner ext-450,22
[CorEdg1500-100-3] Corten Edge 1500 x 100 x 3mm,100
[CorRin450-600-3] Corten Ring 450mm radius 600mm tall 3mm,3
[CorSqu900-300-300-3] Corten Step 900 F x 300 S x 300 H x 3mm,7
[CorQtrExtCur900-597-3] Qtr Ext Cur 900mm rad 597mm A=1414mm,11
[CorTwe2100-100-3] Corten twelfth R2100 x 100 x 3mm A=1100,16
[CorRin200-150-3] Corten Ring 200mm radius 150mm tall 3mm,4
[Cor90deg900-300-300-3] Corten 90deg Cnr 900 x 300 x 300 x 3mm,20
[Cor90deg600-450-150-3] Corten 90deg Cnr 600 x 450 x 150 x 3mm,20
[CorCnrJoiS-50-90Ext597] 90deg 50mm square corner joiner ext-600,69
[CorSqu600-450-200-3] Corten Step 600 F x 450 S x 200 H x 3mm,8
[CorEdgFT35-1050-150-2] Corten Edge FT35 1050 x 150 x 2mm,20
[CorEdgFT35-1050-200-2] Corten Edge FT35 1050 x 200 x 2mm,30
[CorQtr450-100-3] Quarter R450 x 100 x 3mm Arc=707,20
[CorRolEdg300-300-60-3] Rolled edge 300 x 300 x 60 x 3mm,10
[CorEdgFT35-1350-150-2] Corten Edge FT35 1350 x 150 x 2mm,30
[CorPan1050-750-3-T] Corten Panel 1050 x 750 x 3mm Top,22
[Cor90deg450-150-100-3] Corten 90deg Cnr 450 x 150 x 100 x 3mm,20
[CorSqu1200-450-200-3] Corten Step 1200 F x 450 S x 200 H x 3mm,10
[CorEdgFT35-600-100-2] Corten Edge FT35 600 x 100 x 2mm,40
[CorEdg450-200-3] Corten Edge 450 x 200 x 3mm,20
[CorQtrExtCur900-447-3] Qtr Ext Cur 900mm rad 447mm A=1414mm,12
[CorPan525-900-2-T] Corten Panel 525 x 900 x 2mm Top,22
[CorEdg1050-150-3] Corten Edge 1050 x 150 x 3mm,19
[CorEdgFT35-375-150-2] Corten Edge FT35 375 x 150 x 2mm,20
[Cor90deg450-150-200-3] Corten 90deg Cnr 450 x 150 x 200 x 3mm,20
[CorEdgFT35-1200-100-2] Corten Edge FT35 1200 x 100 x 2mm,27
[CorRin200-200-3] Corten Ring 200mm radius 200mm tall 3mm,4
[CorQtrIntCur450-297-2] Qtr Int Cur 450mm rad 297mm A=707,12
[Cor90deg900-300-200-3] Corten 90deg Cnr 900 x 300 x 200 x 3mm,20
[CorEdgFT35-1200-200-2] Corten Edge FT35 1200 x 200 x 2mm,60
[CorQtrExtCur750-297-2] Qtr Ext Cur 750mm rad 297mm A=1178mm,12
[Cor90deg600-600-300-3] Corten 90deg Cnr 600 x 600 x 300 x 3mm,20
[Cor90deg450-450-300-3] Corten 90deg Cnr 450 x 450 x 300 x 3mm,20
[CorQtrExtCur750-597-3] Qtr Ext Cur 750mm rad 597mm A=1178mm,12
[CorEdg300-150-3] Corten Edge 300 x 150 x 3mm,18
[CorSqu1200-300-150-3] Corten Step 1200 F x 300 S x 150 H x 3mm,10
[CorTwe2400-300-3] Corten twelfth R2400 x 300 x 3mm A=1257,16
[CorHal600-300-3] Half R600mm x 300 tall x 3mm A = 1885,20
[CorEig1800-100-3] Corten eighth R1800 x 100 x 3mm A=1414,16
[CorEdgFT35-200-200-2] Corten Edge FT35 200 x 200 x 2mm,20
[Cor90deg300-150-200-3] Corten 90deg Cnr 300 x 150 x 200 x 3mm,20
[CorPan1500-450-3-T] Corten Panel 1500 x 450 x 3mm Top,13
[CorEdg1200-150-3] Corten Edge 1200 x 150 x 3mm,40
[CorAng2997-180-132] Angle Post 2997 x 180 x 132 x 3mm,20
[CorEdgFT35-2100-150-2] Corten Edge FT35 2100 x 150 x 2mm,100
[Cor45deg300-300-100-3] Corten 45deg Cnr 300 x 300 x 100 x 3mm,10
[CorPan750-300-2-T] Corten Panel 750 x 300 x 2mm Top,20
[CorPan900-900-3-T] Corten Panel 900 x 900 x 3mm Top,22
[CorPan200-900-2-T] Corten Panel 200 x 900 x 2mm Top,22
"[CorM8-100] M8 SS316 nut, bolt, washer (qty 100)",68
[CorQtr900-300-3] Quarter R900 x 300 x 3mm Arc=1414,20
[Cor90deg1050-300-100-3] Corten 90deg Cnr 1050 x 300 x 100 x 3mm,20
[CorEdgFT35-300-100-2] Corten Edge FT35 300 x 100 x 2mm,20
[CorRisFT35-1500-150-3] Riser Top-35 x 1500 x 150 x 3mm,12
[CorEdg450-100-3] Corten Edge 450 x 100 x 3mm,20
[CorQtrExtCur450-597-2] Qtr Ext Cur 450mm rad 597mm A=707mm,12
[CorQtr600-100-3] Quarter R600 x 100 x 3mm Arc=942,20
[CorPeg200-75-3] Corten Peg 200 x 75 x 3mm,654
[CorEdgFT35-375-200-2] Corten Edge FT35 375 x 200 x 2mm,20
[CorCnrJoiR-50-45Ext297] 45deg 50mm round corner joiner ext-300,30
[Cor90deg900-300-100-3] Corten 90deg Cnr 900 x 300 x 100 x 3mm,20
[Cor90deg450-450-100-3] Corten 90deg Cnr 450 x 450 x 100 x 3mm,20
[CorPan450-1050-2-T] Corten Panel 450 x 1050 x 2mm Top,22
[CorRin450-500-3] Corten Ring 450mm radius 500mm tall 3mm,8
[CorPla600-300-300T] Corten Planter 600L x 300W X 300Tall,6
[CorRin375-500-3] Corten Ring 375mm radius 500mm tall 3mm,4
[CorPan600-450-2-T] Corten Panel 600 x 450 x 2mm Top,18
[CorRin375-150-3] Corten Ring 375mm radius 150mm tall 3mm,4
[CorEdg2100-200-3] Corten Edge 2100 x 200 x 3mm,148
[CorSqu600-450-300-3] Corten Step 600 F x 450 S x 300 H x 3mm,10
[Cor90deg450-300-150-3] Corten 90deg Cnr 450 x 300 x 150 x 3mm,20
[CorRin300-200-3] Corten Ring 300mm radius 200mm tall 3mm,4
[CorEdg750-300-3] Corten Edge 750 x 300 x 3mm,20
[CorQtrExtCur450-447-2] Qtr Ext Cur 450mm rad 447mm A=707mm,12
[CorPla750-300-800T] Corten Planter 750L x 300W X 800Tall,4
[CorQtr750-300-3] Quarter R750 x 300 x 3mm Arc=1178,20
[CorPla900-400-600T] Corten Planter 900L x 400W X 600Tall,7
[CorEdg2100-300-3] Corten Edge 2100 x 300 x 3mm,76
[CorEdgFT35-450-200-2] Corten Edge FT35 450 x 200 x 2mm,30
[CorPla600-300-600T] Corten Planter 600L x 300W X 600Tall,6
[CorEdgFT35-1350-200-2] Corten Edge FT35 1350 x 200 x 2mm,40
[CorHal450-150-3] Half R450mm x 150 tall x 3mm A = 1414,20
[CorPan1350-600-3-T] Corten Panel 1350 x 600 x 3mm Top,44
[Cor90deg1050-300-300-3] Corten 90deg Cnr 1050 x 300 x 300 x 3mm,20
[CorRin375-200-3] Corten Ring 375mm radius 200mm tall 3mm,4
[CorRolEdg1350-300-60-3] Rolled edge 1350 x 300 x 60 x 3mm,10
[CorPla1200-350-400T] Corten Planter 1200L x 350W X 400Tall,4
[CorPan1050-1050-3-T] Corten Panel 1050 x 1050 x 3mm Top,22
[CorCnrJoiS-50-90Ext747] 90deg 50mm square corner joiner ext-750,69
[CorQtrIntCur900-297-2] Qtr Int Cur 900mm rad 297mm A=1414mm,12
[CorPan2100-450-3-T] Corten Panel 2100 x 450 x 3mm Top,22
[Cor45deg600-300-200-3] Corten 45deg Cnr 600 x 300 x 200 x 3mm,10
[CorPan1350-300-2-T] Corten Panel 1350 x 300 x 2mm Top,11
[CorPan1200-600-3-T] Corten Panel 1200 x 600 x 3mm Top,11
[CorCnrJoiS-50-45Int447] 45deg 50mm square corner joiner int-450,30
[CorRin600-300-3] Corten Ring 600mm radius 300mm tall 3mm,4
[CorPan150-450-2-T] Corten Panel 150 x 450 x 2mm Top,22
[CorEdgFT35-900-150-2] Corten Edge FT35 900 x 150 x 2mm,50
[Cor90deg300-150-150-3] Corten 90deg Cnr 300 x 150 x 150 x 3mm,28
[CorPan600-750-2-T] Corten Panel 600 x 750 x 2mm Top,22
[Cor90deg600-600-150-3] Corten 90deg Cnr 600 x 600 x 150 x 3mm,20
[CorEdgFT35-1350-100-2] Corten Edge FT35 1350 x 100 x 2mm,20
[CorCnrJoiS-50-90Int447] 90deg 50mm square corner joiner int-450,29
[CorQtrExtCur450-297-2] Qtr Ext Cur 450mm rad 297mm A=707mm,12
[CorQtr300-150-3] Quarter R300 x 150 x 3mm Arc=472,8
[CorRin600-600-3] Corten Ring 600mm radius 600mm tall 3mm,4
[CorRisFF-2100-150-3] Corten Riser FF 2100 x 150 x 3mm,10
[CorPla600-600-600T] Corten Planter 600L x 600W X 600Tall,4
[Cor45deg300-300-200-3] Corten 45deg Cnr 300 x 300 x 200 x 3mm,10
[CorPla300-300-600T] Corten Planter 300L x 300W X 600Tall,3
[CorEdgFT35-525-150-2] Corten Edge FT35 525 x 150 x 2mm,28
[CorPan1800-300-3-T] Corten Panel 1800 x 300 x 3mm Top,19
[CorCnrJoiS-50-90Int747] 90deg 50mm square corner joiner int-750,30
[Cor90deg300-150-100-3] Corten 90deg Cnr 300 x 150 x 100 x 3mm,20
[CorRin450-700-3] Corten Ring 450mm radius 700mm tall 3mm,2
[CorHal300-200-3] Half R300mm x 200 tall x 3mm A = 942,20
[CorEdgFT35-750-200-2] Corten Edge FT35 750 x 200 x 2mm,30
[Cor45deg300-150-200-3] Corten 45deg Cnr 300 x 150 x 200 x 3mm,10
[CorPan450-600-2-T] Corten Panel 450 x 600 x 2mm Top,22
[Cor90deg600-300-150-3] Corten 90deg Cnr 600 x 300 x 150 x 3mm,20
[CorTwe2100-150-3] Corten twelfth R2100 x 150 x 3mm A=1100,16
[CorEdg1800-150-3] Corten Edge 1800 x 150 x 3mm,75
[Cor45deg450-450-150-3] Corten 45deg Cnr 450 x 450 x 150 x 3mm,10
[CorCnrJoiS-50-90Int1047] 90deg 50mm square corner joiner int-1050,18
[CorPan450-750-2-T] Corten Panel 450 x 750 x 2mm Top,21
[CorEig1800-300-3] Corten eighth R1800 x 300 x 3mm A=1414,20
[CorAngFT498] Corten Angle post FT 498 x 53mm,200
[CorPan1800-750-3-T] Corten Panel 1800 x 750 x 3mm Top,22
[CorPan1050-600-3-T] Corten Panel 1050 x 600 x 3mm Top,22
[CorQtrExtCur1200-597-3] Qtr Ext Cur 1200mm rad 597mm A=1884mm,11
[CorPan525-600-2-T] Corten Panel 525 x 600 x 2mm Top,22
[CorEdgFT35-450-100-2] Corten Edge FT35 450 x 100 x 2mm,30
[CorPeg250-75-3] Corten Peg 250 x 75 x 3mm,693
[Cor45deg450-450-200-3] Corten 45deg Cnr 450 x 450 x 200 x 3mm,10
[CorCnrJoiS-50-45Int747] 45deg 50mm square corner joiner int-750,30
[CorQtr450-300-3] Quarter R450 x 300 x 3mm Arc=707,20
[CorPan600-900-2-T] Corten Panel 600 x 900 x 2mm Top,22
[CorPan300-300-2-T] Corten Panel 300 x 300 x 2mm Top,22
[Cor90deg450-450-150-3] Corten 90deg Cnr 450 x 450 x 150 x 3mm,20
[Cor90deg750-300-100-3] Corten 90deg Cnr 750 x 300 x 100 x 3mm,20
[CorHal450-100-3] Half R450mm x 100 tall x 3mm A = 1414,20
[CorRisFT35-1500-175-3] Riser Top-35 x 1500 x 175 x 3mm,12
[CorHal300-300-3] Half R300mm x 300 tall x 3mm A = 942,20
[CorRin450-300-3] Corten Ring 450mm radius 300mm tall 3mm,8
[CorPan525-450-2-T] Corten Panel 525 x 450 x 2mm Top,22
[CorTwe2400-150-3] Corten twelfth R2400 x 150 x 3mm A=1257,13
[CorEdgFT35-2100-100-2] Corten Edge FT35 2100 x 100 x 2mm,80
[CorPan375-1050-2-T] Corten Panel 375 x 1050 x 2mm Top,21
[CorEdg1350-150-3] Corten Edge 1350 x 150 x 3mm,-7
[CorEdg900-150-3] Corten Edge 900 x 150 x 3mm,20
[Cor90deg450-300-100-3] Corten 90deg Cnr 450 x 300 x 100 x 3mm,20
[CorRin200-900-3] Corten Ring 200mm radius 900mm tall 3mm,2
[Cor45deg300-300-300-3] Corten 45deg Cnr 300 x 300 x 300 x 3mm,10
[CorEdgFT35-600-150-2] Corten Edge FT35 600 x 150 x 2mm,40
[CorCnrJoiR-50-45Int297] 45deg 50mm round corner joiner int-300,30
[CorCnrJoiS-100-90Ext597] 90deg 100mm square corner joiner ext-600,20
[CorEdgFT35-1800-100-2] Corten Edge FT35 1800 x 100 x 2mm,78
[CorRisFF-1200-200-3] Corten Riser FF 1200 x 200 x 3mm,15
[CorCnrJoiS-50-90Ext297] 90deg 50mm square corner joiner ext-300,131
[CorTwe2100-200-3] Corten twelfth R2100 x 200 x 3mm A=1100,16
[Cor45deg600-300-150-3] Corten 45deg Cnr 600 x 300 x 150 x 3mm,10
[CorEdg1200-200-3] Corten Edge 1200 x 200 x 3mm,40
[CorRolEdg750-300-60-3] Rolled edge 750 x 300 x 60 x 3mm,10
[CorEdgFT35-300-200-2] Corten Edge FT35 300 x 200 x 2mm,18
[CorPeg500-75-3] Corten Peg 500 x 75 x 3mm,185
[CorAngFT348] Corten Angle post FT 348 x 53mm,133
[CorCnrJoiS-100-90Ext447] 90deg 100mm square corner joiner ext-450,18
[CorRolEdg375-300-60-3] Rolled edge 375 x 300 x 60 x 3mm,10
[CorPan600-300-2-T] Corten Panel 600 x 300 x 2mm Top,22
[CorAngFT448] Corten Angle post FT 448 x 53mm,200
[CorTwe2100-300-3] Corten twelfth R2100 x 300 x 3mm A=1100,16
[Cor90deg450-450-200-3] Corten 90deg Cnr 450 x 450 x 200 x 3mm,20
[CorPan200-300-2-T] Corten Panel 200 x 300 x 2mm Top,21
[CorTwe2400-100-3] Corten twelfth R2400 x 100 x 3mm A=1257,16
